<ImportExportXml version="9.2.23034.220" SolutionPackageVersion="9.2" languagecode="1033" generatedBy="CrmLive" xmlns:xsi="http://www.w3.org/2001/XMLSchema-instance">
  <SolutionManifest>
    <UniqueName>Vrachtwagensolution</UniqueName>
    <LocalizedNames>
      <LocalizedName description="Vrachtwagen solution" languagecode="1033" />
    </LocalizedNames>
    <Descriptions />
    <Version>1.0.0.2</Version>
    <Managed>0</Managed>
    <Publisher>
      <UniqueName>stijn</UniqueName>
      <LocalizedNames>
        <LocalizedName description="stijn" languagecode="1033" />
      </LocalizedNames>
      <Descriptions>
        <Description description="publisher stijn" languagecode="1033" />
      </Descriptions>
      <EMailAddress xsi:nil="true"></EMailAddress>
      <SupportingWebsiteUrl xsi:nil="true"></SupportingWebsiteUrl>
      <CustomizationPrefix>stj</CustomizationPrefix>
      <CustomizationOptionValuePrefix>10000</CustomizationOptionValuePrefix>
      <Addresses>
        <Address>
          <AddressNumber>1</AddressNumber>
          <AddressTypeCode>1</AddressTypeCode>
          <City xsi:nil="true"></City>
          <County xsi:nil="true"></County>
          <Country xsi:nil="true"></Country>
          <Fax xsi:nil="true"></Fax>
          <FreightTermsCode xsi:nil="true"></FreightTermsCode>
          <ImportSequenceNumber xsi:nil="true"></ImportSequenceNumber>
          <Latitude xsi:nil="true"></Latitude>
          <Line1 xsi:nil="true"></Line1>
          <Line2 xsi:nil="true"></Line2>
          <Line3 xsi:nil="true"></Line3>
          <Longitude xsi:nil="true"></Longitude>
          <Name xsi:nil="true"></Name>
          <PostalCode xsi:nil="true"></PostalCode>
          <PostOfficeBox xsi:nil="true"></PostOfficeBox>
          <PrimaryContactName xsi:nil="true"></PrimaryContactName>
          <ShippingMethodCode>1</ShippingMethodCode>
          <StateOrProvince xsi:nil="true"></StateOrProvince>
          <Telephone1 xsi:nil="true"></Telephone1>
          <Telephone2 xsi:nil="true"></Telephone2>
          <Telephone3 xsi:nil="true"></Telephone3>
          <TimeZoneRuleVersionNumber xsi:nil="true"></TimeZoneRuleVersionNumber>
          <UPSZone xsi:nil="true"></UPSZone>
          <UTCOffset xsi:nil="true"></UTCOffset>
          <UTCConversionTimeZoneCode xsi:nil="true"></UTCConversionTimeZoneCode>
        </Address>
        <Address>
          <AddressNumber>2</AddressNumber>
          <AddressTypeCode>1</AddressTypeCode>
          <City xsi:nil="true"></City>
          <County xsi:nil="true"></County>
          <Country xsi:nil="true"></Country>
          <Fax xsi:nil="true"></Fax>
          <FreightTermsCode xsi:nil="true"></FreightTermsCode>
          <ImportSequenceNumber xsi:nil="true"></ImportSequenceNumber>
          <Latitude xsi:nil="true"></Latitude>
          <Line1 xsi:nil="true"></Line1>
          <Line2 xsi:nil="true"></Line2>
          <Line3 xsi:nil="true"></Line3>
          <Longitude xsi:nil="true"></Longitude>
          <Name xsi:nil="true"></Name>
          <PostalCode xsi:nil="true"></PostalCode>
          <PostOfficeBox xsi:nil="true"></PostOfficeBox>
          <PrimaryContactName xsi:nil="true"></PrimaryContactName>
          <ShippingMethodCode>1</ShippingMethodCode>
          <StateOrProvince xsi:nil="true"></StateOrProvince>
          <Telephone1 xsi:nil="true"></Telephone1>
          <Telephone2 xsi:nil="true"></Telephone2>
          <Telephone3 xsi:nil="true"></Telephone3>
          <TimeZoneRuleVersionNumber xsi:nil="true"></TimeZoneRuleVersionNumber>
          <UPSZone xsi:nil="true"></UPSZone>
          <UTCOffset xsi:nil="true"></UTCOffset>
          <UTCConversionTimeZoneCode xsi:nil="true"></UTCConversionTimeZoneCode>
        </Address>
      </Addresses>
    </Publisher>
    <RootComponents>
      <RootComponent type="1" schemaName="stj_mankement" behavior="0" />
      <RootComponent type="1" schemaName="stj_onderdelen" behavior="0" />
      <RootComponent type="1" schemaName="stj_vrachtwagen" behavior="0" />
      <RootComponent type="9" schemaName="cre94_kleurkeuzelijst" behavior="0" />
      <RootComponent type="9" schemaName="stj_onderdelencategorie" behavior="0" />
      <RootComponent type="9" schemaName="stj_schadecategoriekeuze" behavior="0" />
      <RootComponent type="60" id="{df838f86-a5e5-ed11-a7c8-0022489fdcf6}" behavior="0" />
      <RootComponent type="61" schemaName="cre94_stj_logo" behavior="0" />
      <RootComponent type="62" schemaName="stj_Vrachtwagenbackoffice" behavior="0" />
      <RootComponent type="80" schemaName="stj_Vrachtwagenbackoffice" behavior="0" />
      <RootComponent type="300" schemaName="stj_vrachtwagencomponenten_436e1" behavior="0" />
      <RootComponent type="300" schemaName="stj_vrachtwagenoverzicht_e5472" behavior="0" />
      <RootComponent type="431" schemaName="stj_mankement stj_afbeeldingmankement" behavior="0" />
      <RootComponent type="431" schemaName="stj_onderdelen stj_afbeelding" behavior="0" />
      <RootComponent type="431" schemaName="stj_vrachtwagen stj_afbeelding" behavior="0" />
      <RootComponent type="432" schemaName="stj_mankement" behavior="0" />
      <RootComponent type="432" schemaName="stj_onderdelen" behavior="0" />
      <RootComponent type="432" schemaName="stj_vrachtwagen" behavior="0" />
    </RootComponents>
    <MissingDependencies />
  </SolutionManifest>
</ImportExportXml>